,0
Earl of Squirrel,66
Forest,28
Island,26
Mountain,25
Disenchant,19
Dark Ritual,18
Plains,18
Counterspell,17
Swamp,16
Armageddon,14
Bog Wraith,14
Circle of Protection: Red,14
Fireball,14
Giant Growth,14
Healing Salve,14
Hurricane,14
Air Elemental,13
Grizzly Bears,13
Circle of Protection: Black,13
Circle of Protection: Blue,12
Circle of Protection: Green,12
Circle of Protection: White,12
Earthquake,12
Elvish Archers,12
Giant Spider,12
Glasses of Urza,12
Clockwork Beast,11
Crusade,11
Cursed Land,11
Disintegrate,11
Fear,11
Feedback,11
Firebreathing,11
Flashfires,11
Fog,11
Goblin King,11
Hill Giant,11
Jayemdae Tome,11
Animate Wall,10
Ankh of Mishra,10
Birds of Paradise,10
Black Knight,10
Castle,10
Crystal Rod,10
Death Ward,10
Dingus Egg,10
Disrupting Scepter,10
Drain Life,10
Drudge Skeletons,10
Fire Elemental,10
Flight,10
Howl from Beyond,10
Merfolk of the Pearl Trident,10
Energy Flux,10
Bog Imp,10
Animate Dead,9
Aspect of Wolf,9
Bad Moon,9
Benalish Hero,9
Blue Elemental Blast,9
Burrowing,9
Cockatrice,9
Control Magic,9
Craw Wurm,9
Deathgrip,9
Drain Power,9
Dwarven Warriors,9
Earth Elemental,9
Evil Presence,9
Force of Nature,9
Frozen Shade,9
Fungusaur,9
Gloom,9
Goblin Balloon Brigade,9
Howling Mine,9
Hypnotic Specter,9
Ironclaw Orcs,9
Iron Star,9
Ivory Cup,9
Jade Monolith,9
Mons's Goblin Raiders,9
Animate Artifact,8
Balance,8
Black Vise,8
Black Ward,8
Blessing,8
Blue Ward,8
Celestial Prism,8
Channel,8
Chaoslace,8
Conservator,8
Conversion,8
Creature Bond,8
Deathlace,8
Dragon Whelp,8
Gaea's Liege,8
Gray Ogre,8
Green Ward,8
Helm of Chatzuk,8
Holy Armor,8
Holy Strength,8
Hurloon Minotaur,8
Instill Energy,8
Ironroot Treefolk,8
Island Sanctuary,8
Jump,8
Lightning Bolt,8
Llanowar Elves,8
Lure,8
Mesa Pegasus,8
Aladdin's Ring,8
Bottle of Suleiman,8
Dancing Scimitar,8
Desert Twister,8
Flying Carpet,8
Battering Ram,8
Detonate,8
Dragon Engine,8
Durkwood Boars,8
Elven Riders,8
Living Lands,7
Lord of Atlantis,7
City of Brass,7
Erg Raiders,7
Eye for an Eye,7
Crumble,7
Alabaster Potion,7
Gaseous Form,7
Giant Strength,7
Badlands,6
Basalt Monolith,6
Bayou,6
Braingeyser,6
Clone,6
Contract from Below,6
Copy Artifact,6
Darkpact,6
Demonic Attorney,6
Demonic Hordes,6
Demonic Tutor,6
Earthbind,6
Farmstead,6
Fastbond,6
Fork,6
Granite Gargoyle,6
Guardian Angel,6
Juggernaut,6
Karma,6
Keldon Warlord,6
Kormus Bell,6
Kudzu,6
Lance,6
Ley Druid,6
Library of Leng,6
Lifeforce,6
Lifelace,6
Lifetap,6
Living Artifact,6
Living Wall,6
Lord of the Pit,6
Magical Hack,6
Mahamoti Djinn,6
Manabarbs,6
Mana Flare,6
Mana Short,6
Mana Vault,6
Meekstone,6
Mind Twist,6
Nether Shadow,6
Nettling Imp,6
Aladdin's Lamp,6
Bird Maiden,6
Brass Man,6
Ebony Horse,6
El-Hajjâj,6
Island Fish Jasconius,6
Jandor's Saddlebags,6
Amulet of Kroog,6
Armageddon Clock,6
Ashnod's Altar,6
Circle of Protection: Artifacts,6
Clay Statue,6
Colossus of Sardia,6
Coral Helm,6
Grapeshot Catapult,6
Hurkyl's Recall,6
Ivory Tower,6
Jalum Tome,6
Blight,6
Boomerang,6
Divine Transformation,6
Flood,6
Goblin Digging Team,6
Archangel,6
Power Sink,6
Untamed Wilds,6
Stone Rain,6
Coercion,6
Raging Goblin,6
Ali Baba,5
Cuombajj Witches,5
Dandân,5
Erhnam Djinn,5
Ghazbán Ogre,5
Giant Tortoise,5
Hurr Jackal,5
Sandstorm,5
Ashnod's Battle Gear,5
Ashnod's Transmogrant,5
Atog,5
Bronze Tablet,5
Clockwork Avian,5
Cursed Rack,5
Feldon's Cane,5
Azure Drake,5
Blood Lust,5
Carrion Ants,5
Cat Warriors,5
Crimson Manticore,5
D'Avenant Archer,5
Divine Offering,5
Eternal Warrior,5
Fallen Angel,5
Greed,5
Pyrotechnics,5
Angry Mob,5
Ashes to Ashes,5
Ball Lightning,5
Bog Rats,5
Brainwash,5
Brothers of Fire,5
Carnivorous Plant,5
Cave People,5
Diabolic Machine,5
Fellwar Stone,5
Fountain of Youth,5
Goblin Hero,5
Inferno,5
Raise Dead,5
Pacifism,5
Armored Pegasus,5
Exhaustion,5
Icy Manipulator,4
Nevinyrral's Disk,4
Abu Ja'far,4
Aladdin,4
Cyclone,4
Fishliver Oil,4
Hasran Ogress,4
Jandor's Ring,4
Jeweled Bird,4
Kird Ape,4
Magnetic Mountain,4
Metamorphosis,4
Mijae Djinn,4
Repentant Blacksmith,4
War Elephant,4
Argothian Pixies,4
Dwarven Weaponsmith,4
Goblin Artisans,4
Millstone,4
Mishra's War Machine,4
Obelisk of Undoing,4
Rakalite,4
Strip Mine,4
Urza's Mine,4
Urza's Power Plant,4
Urza's Tower,4
Yawgmoth Demon,4
Abomination,4
Akron Legionnaire,4
Amrou Kithkin,4
Backfire,4
Black Mana Battery,4
Blue Mana Battery,4
Cosmic Horror,4
Craw Giant,4
Cyclopean Mummy,4
Elder Land Wurm,4
Enchantment Alteration,4
Energy Tap,4
Fortified Area,4
Gauntlets of Chaos,4
Green Mana Battery,4
Immolation,4
Juxtapose,4
Lost Soul,4
Remove Soul,4
Apprentice Wizard,4
Barl's Cage,4
Dance of Many,4
Erosion,4
Fire Drake,4
Fissure,4
Ghost Ship,4
Goblin Rock Sled,4
Murk Dwellers,4
Scavenger Folk,4
Goblin Warrens,4
Abyssal Specter,4
Brushland,4
Nature's Lore,4
Twiddle,4
Whirling Dervish,4
Terror,4
Feral Shadow,4
Spitting Earth,4
Volcanic Dragon,4
Infantry Veteran,4
Man-o'-War,4
Relentless Assault,4
Tremor,4
Angelic Blessing,4
Ardent Militia,4
Blaze,4
Gorilla Warrior,4
Gravedigger,4
Lava Axe,4
Natural Spring,4
Path of Peace,4
Vengeance,4
Volcanic Hammer,4
Lone Wolf,4
Ancestral Recall,3
Berserk,3
Black Lotus,3
Blaze of Glory,3
Camouflage,3
Chaos Orb,3
Consecrate Land,3
Copper Tablet,3
Cyclopean Tomb,3
Dwarven Demolition Team,3
False Orders,3
Forcefield,3
Gauntlet of Might,3
Ice Storm,3
Illusionary Mask,3
Invisibility,3
Jade Statue,3
Lich,3
Mox Emerald,3
Mox Jet,3
Mox Pearl,3
Mox Ruby,3
Mox Sapphire,3
Natural Selection,3
Junún Efreet,3
Nafs Asp,3
Oasis,3
Sindbad,3
Sorceress Queen,3
Mishra's Factory,3
Shapeshifter,3
Tawnos's Wand,3
Tawnos's Weaponry,3
Tetravus,3
Triskelion,3
Urza's Avenger,3
Wall of Spears,3
Xenic Poltergeist,3
Yotian Soldier,3
Active Volcano,3
Angelic Voices,3
Arcades Sabboth,3
Arena of the Ancients,3
Axelrod Gunnarson,3
Ayesha Tanaka,3
Beasts of Bogardan,3
Bronze Horse,3
Chromium,3
Cocoon,3
Concordant Crossroads,3
Dakkon Blackblade,3
Emerald Dragonfly,3
Evil Eye of Orms-by-Gore,3
Flash Flood,3
Gabriel Angelfire,3
Giant Slug,3
Hell's Caretaker,3
Horn of Deafening,3
Indestructible Aura,3
Ivory Guardians,3
Johan,3
Keepers of the Faith,3
Kei Takahashi,3
Kismet,3
Land's Edge,3
Land Tax,3
Marhault Elsdragon,3
Mountain Yeti,3
Nebuchadnezzar,3
Nicol Bolas,3
Palladia-Mors,3
Petra Sphinx,3
Primordial Ooze,3
Puppet Master,3
Rabid Wombat,3
Recall,3
Revelation,3
Rubinia Soulsinger,3
Sentinel,3
Serpent Generator,3
Shield Wall,3
Shimian Night Stalker,3
Banshee,3
Blood Moon,3
Blood of the Martyr,3
Book of Rass,3
Goblin Shrine,3
Goblins of the Flarg,3
Living Armor,3
Runesword,3
Safe Haven,3
The Fallen,3
Tormod's Crypt,3
Witch Hunter,3
Derelor,3
Dwarven Ruins,3
Ebon Stronghold,3
Spined Wurm,3
Thorn Elemental,3
Adarkar Wastes,3
Blinking Spirit,3
Brainstorm,3
Conquer,3
Dark Banishing,3
Deflection,3
Elder Druid,3
Flame Spirit,3
Flare,3
Fyndhorn Elder,3
Glacial Wall,3
Incinerate,3
Wall of Heat,3
Vampire Bats,3
Winter Blast,3
Zephyr Falcon,3
Dry Spell,3
Feast of the Unicorn,3
Forget,3
Memory Lapse,3
Balduvian Horde,3
Gorilla Chieftain,3
Storm Crow,3
Scathe Zombies,3
Scryb Sprites,3
Weakness,3
Ancestral Memories,3
Blinding Light,3
Dream Cache,3
Enfeeblement,3
Stalking Tiger,3
Elven Cache,3
Goblin Recruiter,3
Hulking Cyclops,3
Summer Bloom,3
Undo,3
Alluring Scent,3
Bog Raiders,3
Breath of Life,3
Bull Hippo,3
Charging Paladin,3
Hand of Death,3
Horned Turtle,3
Mind Rot,3
Monstrous Growth,3
Muck Rats,3
Mystic Denial,3
Phantom Warrior,3
Rain of Tears,3
Seasoned Marshal,3
Serpent Warrior,3
Theft of Dreams,3
Tidal Surge,3
Time Ebb,3
Touch of Brilliance,3
Venerable Monk,3
Wind Drake,3
Wood Elves,3
Hidden Horror,3
Dirtcowl Wurm,3
Extinguish,3
Goblin Matron,3
Jagged Lightning,3
Ravenous Rats,3
Drifting Meadow,3
Elvish Lyrist,3
Polluted Mire,3
Slippery Karst,3
Piety,2
Anti-Magic Aura,2
Force Spike,2
Greater Realm of Preservation,2
Killer Bees,2
Lady Orca,2
Osai Vultures,2
Pendelhaven,2
Pit Scorpion,2
Pradesh Gypsies,2
Presence of the Master,2
Psionic Entity,2
Radjan Spirit,2
Rebirth,2
Red Mana Battery,2
Relic Bind,2
Seeker,2
Segovian Leviathan,2
Nalathni Dragon,2
Dust to Dust,2
Land Leeches,2
Leviathan,2
Mana Clash,2
Marsh Gas,2
Marsh Viper,2
Mind Bomb,2
Morale,2
Pikemen,2
Rag Man,2
Sisters of the Flame,2
Sunken City,2
Uncle Istvan,2
Venom,2
Word of Binding,2
Bottomless Vault,2
Brassclaw Orcs,2
Breeding Pit,2
Combat Medic,2
Dwarven Catapult,2
Dwarven Hold,2
Dwarven Soldier,2
Goblin Grenade,2
Goblin War Drums,2
Havenwood Battleground,2
Hymn to Tourach,2
Icatian Javelineers,2
Icatian Town,2
Bone Shredder,2
Crop Rotation,2
Diabolic Edict,2
Duress,2
Frantic Search,2
Jamuraan Lion,2
Lightning Hounds,2
Sandbar Crocodile,2
Scent of Cinder,2
Shock,2
Shrieking Drake,2
Warmonger,2
Zhalfirin Knight,2
Arenson's Aura,2
Armor of Faith,2
Aurochs,2
Balduvian Barbarians,2
Barbed Sextant,2
Binding Grasp,2
Blessed Wine,2
Caribou Range,2
Chub Toad,2
Cloak of Confusion,2
Crown of the Ages,2
Elkin Bottle,2
Enervate,2
Errantry,2
Foxfire,2
Fyndhorn Brownie,2
Game of Chaos,2
Goblin Mutant,2
Goblin Snowman,2
Hecatomb,2
Jokulhaups,2
Karplusan Forest,2
Kjeldoran Dead,2
Kjeldoran Royal Guard,2
Knight of Stromgald,2
Leshrac's Rite,2
Lhurgoyf,2
Mountain Goat,2
Order of the White Shield,2
Pit Trap,2
Sivitri Scarzam,2
Sol'kanar the Swamp King,2
Stangg,2
Storm Seeker,2
Takklemaggot,2
Teleport,2
The Wretched,2
Tobias Andrion,2
Tor Wauki,2
Transmutation,2
Triassic Egg,2
Vaevictis Asmadi,2
Voodoo Doll,2
Wall of Opposition,2
Wall of Shadows,2
Wall of Vapor,2
Wall of Wonder,2
Xira Arien,2
Winds of Change,2
Abbey Gargoyles,2
Aether Storm,2
Ambush Party,2
Anaba Bodyguard,2
Anaba Shaman,2
An-Havva Constable,2
Aysen Bureaucrats,2
Broken Visage,2
Carapace,2
Clockwork Steed,2
Dark Maze,2
Death Speakers,2
Feroz's Ban,2
Funeral March,2
Greater Werewolf,2
Ihsan's Shade,2
Serrated Arrows,2
Spectral Bears,2
Aesthir Glider,2
Browse,2
Deadly Insect,2
Diminishing Returns,2
Elvish Ranger,2
Exile,2
False Demise,2
Library of Lat-Nam,2
Pyrokinesis,2
Orcish Artillery,2
Orcish Oriflamme,2
Pearled Unicorn,2
Reverse Damage,2
Rod of Ruin,2
Unsummon,2
Wall of Bone,2
War Mammoth,2
Warp Artifact,2
Abyssal Hunter,2
Afterlife,2
Amber Prison,2
Ashen Powder,2
Blighted Shaman,2
Celestial Dawn,2
Charcoal Diamond,2
Crimson Hellkite,2
Crystal Vein,2
Cursed Totem,2
Daring Apprentice,2
Early Harvest,2
Ekundu Griffin,2
Enlightened Tutor,2
Ethereal Champion,2
Fallow Earth,2
Femeref Archers,2
Final Fortune,2
Fire Diamond,2
Flash,2
Forbidden Crypt,2
Goblin Elite Infantry,2
Goblin Tinkerer,2
Gravebane Zombie,2
Grinning Totem,2
Hammer of Bogardan,2
Harmattan Efreet,2
Illicit Auction,2
Infernal Contract,2
Lead Golem,2
Psychic Transfer,2
Rampant Growth,2
Ray of Command,2
Sacred Mesa,2
Sewer Rats,2
Village Elder,2
Wildfire Emissary,2
Bull Elephant,2
Dark Privilege,2
King Cheetah,2
Necrosavant,2
Ovinomancer,2
Peace Talks,2
Urborg Mindsucker,2
Vampirism,2
Viashino Sandstalker,2
Wicked Reward,2
Creeping Mold,2
Daraja Griffin,2
Desertion,2
Dragon Mask,2
Freewind Falcon,2
Giant Caterpillar,2
Inspiration,2
Natural Order,2
Nekrataal,2
Panther Warriors,2
Prosperity,2
Python,2
Righteous Aura,2
River Boa,2
Sun Clasp,2
Warrior's Honor,2
Alabaster Dragon,2
Anaconda,2
Balance of Power,2
Bee Sting,2
Blessed Reversal,2
Border Guard,2
Charging Rhino,2
Cloud Spirit,2
Coral Eel,2
Craven Giant,2
Deep Wood,2
Déjà Vu,2
Devastation,2
Devoted Hero,2
Dread Reaper,2
False Peace,2
Fire Tempest,2
Flux,2
Foot Soldiers,2
Giant Octopus,2
Howling Fury,2
Hulking Goblin,2
Ingenious Thief,2
Knight Errant,2
Last Chance,2
Moon Sprite,2
Nature's Cloak,2
Needle Storm,2
Owl Familiar,2
Rain of Salt,2
Redwood Treefolk,2
Sacred Nectar,2
Scorching Spear,2
Snapping Drake,2
Steadfastness,2
Thundermare,2
Whiptail Wurm,2
Wicked Pact,2
Wrath of God,2
Abduction,2
Aether Flash,2
Agonizing Memories,2
Benalish Knight,2
Call of the Wild,2
Dense Foliage,2
Doomsday,2
Familiar Ground,2
Fatal Blow,2
Fervor,2
Fit of Rage,2
Fog Elemental,2
Gerrard's Wisdom,2
Goblin Vandal,2
Heavy Ballista,2
Relearn,2
Timid Drake,2
Advance Scout,2
Blood Pet,2
Boil,2
Broken Fall,2
Canopy Spider,2
Chill,2
Cinder Marsh,2
Dread of Night,2
Hero's Resolve,2
Insight,2
Lightning Blast,2
Lightning Elemental,2
Light of Day,2
Living Death,2
Manta Riders,2
Master Decoy,2
Mogg Fanatic,2
Mogg Hollows,2
Mogg Raider,2
Overrun,2
Pincher Beetles,2
Ranger en-Vec,2
Reanimate,2
Rolling Thunder,2
Sadistic Glee,2
Gaea's Cradle,2
Stroke of Genius,2
Mana Leak,2
Mogg Flunkies,2
Ransack,2
Revenant,2
Shard Phoenix,2
Spike Colony,2
Spike Feeder,2
Spike Worker,2
Youthful Knight,2
Maniacal Rage,2
"Mirri, Cat Warrior",2
Monstrous Hound,2
Pegasus Stampede,2
Plated Rootwalla,2
Skyshroud Elite,2
Soul Warden,2
Spike Weaver,2
Ancient Craving,2
Angel of Mercy,2
Barbtooth Wurm,2
Bargain,2
Chorus of Woe,2
Dakmor Plague,2
Dakmor Scorpion,2
Dakmor Sorceress,2
Dark Offering,2
Denizen of the Deep,2
Eye Spy,2
Goblin Cavaliers,2
Goblin General,2
Goblin Glider,2
Goblin Lore,2
Goblin Mountaineer,2
Goblin Raider,2
Lynx,2
Norwood Archers,2
Norwood Ranger,2
Ogre Taskmaster,2
Ogre Warrior,2
Piracy,2
Rally the Troops,2
Renewing Touch,2
Righteous Charge,2
Righteous Fury,2
Sleight of Hand,2
Sylvan Basilisk,2
Sylvan Yeti,2
Volunteer Militia,2
Warrior's Stand,2
Wild Griffin,2
Wild Ox,2
Wind Sail,2
Abyssal Horror,2
Angelic Page,2
Arc Lightning,2
Argothian Elder,2
Cackling Fiend,2
Catastrophe,2
Crazed Skirge,2
Curfew,2
Disruptive Student,2
Exhume,2
Fecundity,2
Fertile Ground,2
Fire Ants,2
Glorious Anthem,2
Goblin Offensive,2
Heat Ray,2
Hollow Dogs,2
"Karn, Silver Golem",2
Lightning Dragon,2
Pegasus Charger,2
Pestilence,2
Phyrexian Ghoul,2
Pouncing Jaguar,2
Remote Isle,2
Rewind,2
Sanctum Custodian,2
Sanctum Guardian,2
Serra Avatar,2
Shower of Sparks,2
Skittering Skirge,2
Smoldering Crater,2
Songstitcher,2
Steam Blast,2
Symbiosis,2
Serra Angel,2
Swords to Plowshares,2
Uthden Troll,2
Beast of Burden,2
Opportunity,2
Subversion,2
False Prophet,2
Hulking Ogre,2
Soul Feast,2
Southern Elephant,2
Squall,2
"Lu Bu, Master-at-Arms",2
Overtaker,2
Tranquility,2
Two-Headed Dragon,2
Nightmare,1
Ali from Cairo,1
Bazaar of Baghdad,1
City in a Bottle,1
Desert,1
Diamond Valley,1
Drop of Honey,1
Elephant Graveyard,1
Flying Men,1
Guardian Beast,1
Ifh-Bíff Efreet,1
Island of Wak-Wak,1
Juzám Djinn,1
Khabál Ghoul,1
Library of Alexandria,1
Moorish Cavalry,1
Old Man of the Sea,1
Oubliette,1
Ring of Ma'rûf,1
Rukh Egg,1
Serendib Djinn,1
Serendib Efreet,1
Singing Tree,1
Unstable Mutation,1
Wyluli Wolf,1
Ydwen Efreet,1
Argivian Archaeologist,1
Argivian Blacksmith,1
Argothian Treefolk,1
Artifact Blast,1
Candelabra of Tawnos,1
Citanul Druid,1
Drafna's Restoration,1
Gaea's Avenger,1
Gate to Phyrexia,1
Martyrs of Korlis,1
Mightstone,1
Mishra's Workshop,1
Onulet,1
Orcish Mechanics,1
Ornithopter,1
Power Artifact,1
Primal Clay,1
Reconstruction,1
Reverse Polarity,1
Rocket Launcher,1
Sage of Lat-Nam,1
Shatterstorm,1
Staff of Zegon,1
Su-Chi,1
Tablet of Epityr,1
Tawnos's Coffin,1
The Rack,1
Titania's Song,1
Transmute Artifact,1
Urza's Chalice,1
Urza's Miter,1
Weakstone,1
Acid Rain,1
Adun Oakenshield,1
Aisling Leprechaun,1
Al-abara's Carpet,1
Alchor's Tomb,1
All Hallow's Eve,1
Angus Mackenzie,1
Arboria,1
Avoid Fate,1
Barktooth Warbeard,1
Bartel Runeaxe,1
Boris Devilboon,1
Chain Lightning,1
Chains of Mephistopheles,1
Cleanse,1
Crimson Kobolds,1
Crookshank Kobolds,1
Darkness,1
Demonic Torment,1
Disharmony,1
Divine Intervention,1
Eureka,1
Field of Dreams,1
Fire Sprites,1
Firestorm Phoenix,1
Flash Counter,1
Frost Giant,1
Ghosts of the Damned,1
Gwendlyn Di Corci,1
Halfdane,1
Hammerheim,1
Hazezon Tamar,1
Headless Horseman,1
Hellfire,1
Holy Day,1
Horror of Horrors,1
Hunding Gjornersen,1
In the Eye of Chaos,1
Jacques le Vert,1
Jasmine Boreal,1
Jedit Ojanen,1
Jerrard of the Closed Fist,1
Karakas,1
Knowledge Vault,1
Kobold Drill Sergeant,1
Kobold Overlord,1
Kobolds of Kher Keep,1
Kobold Taskmaster,1
Lady Caleria,1
Lady Evangela,1
Land Equilibrium,1
Lesser Werewolf,1
Life Chisel,1
Living Plane,1
Livonya Silone,1
Mana Drain,1
Mana Matrix,1
Mirror Universe,1
Moat,1
Moss Monster,1
Nether Void,1
Nova Pentacle,1
Pavel Maliki,1
Planar Gate,1
Princess Lucrezia,1
Psychic Purge,1
Ragnar,1
Ramirez DePietro,1
Ramses Overdark,1
Rasputin Dreamweaver,1
Reincarnation,1
Relic Barrier,1
Reset,1
Righteous Avengers,1
Riven Turnbull,1
Rohgahh of Kher Keep,1
Amnesia,1
Bone Flute,1
City of Shadows,1
Coal Golem,1
Dark Heart of the Wood,1
Drowned,1
Eater of the Dead,1
Elves of Deep Shadow,1
Exorcist,1
Gaea's Touch,1
Goblin Caves,1
Goblin Wizard,1
Holy Light,1
Knights of Thorn,1
Mana Vortex,1
Martyr's Cry,1
Maze of Ith,1
Merfolk Assassin,1
Orc General,1
Preacher,1
Scarecrow,1
Scarwood Bandits,1
Skull of Orm,1
Sorrow's Path,1
Spitting Slug,1
Squire,1
Stone Calendar,1
Tivadar's Crusade,1
Tracker,1
War Barge,1
Wormwood Treefolk,1
Arena,1
Giant Badger,1
Mana Crypt,1
Sewers of Estark,1
Windseeker Centaur,1
Aeolipile,1
Armor Thrull,1
Basal Thrull,1
Deep Spawn,1
Ebon Praetor,1
Elven Lyre,1
Elvish Farmer,1
Elvish Hunter,1
Farrel's Mantle,1
Farrel's Zealot,1
Feral Thallid,1
Fungal Bloom,1
Goblin Chirurgeon,1
Hand of Justice,1
High Tide,1
Hollow Trees,1
Homarid Spawning Bed,1
Homarid Warrior,1
Icatian Lieutenant,1
Icatian Phalanx,1
Icatian Priest,1
Icatian Scout,1
Icatian Store,1
Initiates of the Ebon Hand,1
Mindstab Thrull,1
Necrite,1
Night Soil,1
Orcish Captain,1
Orcish Spy,1
Orcish Veteran,1
Order of Leitbur,1
Order of the Ebon Hand,1
Orgg,1
Rainbow Vale,1
Ring of Renewal,1
River Merfolk,1
Ruins of Trokair,1
Sand Silos,1
Seasinger,1
Soul Exchange,1
Spore Cloud,1
Spore Flower,1
Svyelunite Temple,1
Thallid,1
Thallid Devourer,1
Thelonite Druid,1
Thorn Thallid,1
Thrull Champion,1
Thrull Retainer,1
Vodalian Knights,1
Vodalian Soldiers,1
Ascendant Evincar,1
Cast Down,1
Chandra's Outrage,1
Chandra's Spitfire,1
Cunning Sparkmage,1
Darksteel Juggernaut,1
"Daxos, Blessed by the Sun",1
"Harald, King of Skemfar",1
Heliod's Pilgrim,1
Hypnotic Sprite // Mesmeric Glare,1
Kuldotha Phoenix,1
Lava Coil,1
Mental Misstep,1
Parallax Dementia,1
Phantasmal Dragon,1
Phyrexian Rager,1
Shivan Dragon,1
Silver Drake,1
Sprite Dragon,1
Staggering Insight,1
Stream of Life,1
Tangled Florahedron // Tangled Vale,1
Usher of the Fallen,1
Voltaic Key,1
Wild Growth,1
Adarkar Sentinel,1
Anarchy,1
Arcum's Weathervane,1
Ashen Ghoul,1
Balduvian Bears,1
Balduvian Conjurer,1
Balduvian Hydra,1
Brine Shaman,1
Brown Ouphe,1
Burnt Offering,1
Call to Arms,1
Celestial Sword,1
Centaur Archer,1
Dance of the Dead,1
Demonic Consultation,1
Despotic Scepter,1
Diabolic Vision,1
Dread Wight,1
Dreams of the Dead,1
Drift of the Dead,1
Earthlink,1
Elemental Augury,1
Enduring Renewal,1
Energy Storm,1
Essence Filter,1
Essence Flare,1
Fiery Justice,1
Fire Covenant,1
Folk of the Pines,1
Forbidden Lore,1
Forgotten Lore,1
Foul Familiar,1
Freyalise's Winds,1
Fumarole,1
Fyndhorn Elves,1
Fyndhorn Pollen,1
Gangrenous Zombies,1
Giant Trap Door Spider,1
Glacial Chasm,1
Glacial Crevasses,1
Goblin Ski Patrol,1
Gravebind,1
Hallowed Ground,1
Heal,1
Hipparion,1
Hyalopterous Lemure,1
Hydroblast,1
Hymn of Rebirth,1
Iceberg,1
Ice Cauldron,1
Ice Floe,1
Icequake,1
Icy Prison,1
Illusionary Forces,1
Illusionary Wall,1
Illusions of Grandeur,1
Imposing Visage,1
Infernal Darkness,1
Infinite Hourglass,1
Infuse,1
Jester's Cap,1
Jester's Mask,1
Jeweled Amulet,1
Johtull Wurm,1
Justice,1
Karplusan Giant,1
Karplusan Yeti,1
Kjeldoran Elite Guard,1
Kjeldoran Frostbeast,1
Kjeldoran Skycaptain,1
Krovikan Fetish,1
Krovikan Sorcerer,1
Krovikan Vampire,1
Lava Burst,1
Lava Tubes,1
Legions of Lim-Dûl,1
Leshrac's Sigil,1
Lightning Blow,1
Lim-Dûl's Cohort,1
Lost Order of Jarkeld,1
Magus of the Unseen,1
Márton Stromgald,1
Merieke Ri Berit,1
Mesmeric Trance,1
Meteor Shower,1
Mind Ravel,1
Mind Warp,1
Minion of Leshrac,1
Minion of Tevesh Szat,1
Mistfolk,1
Mole Worms,1
Mudslide,1
Musician,1
Mystic Remora,1
Naked Singularity,1
Necropotence,1
Orcish Cannoneers,1
Orcish Conscripts,1
Orcish Farmer,1
Orcish Healer,1
Orcish Librarian,1
Orcish Lumberjack,1
Orcish Squatters,1
Order of the Sacred Torch,1
Panic,1
Pentagram of the Ages,1
Phantasmal Mount,1
Polar Kraken,1
Portent,1
Spirit Link,1
Spirit Shackle,1
Sylvan Library,1
Tempest Efreet,1
The Brute,1
Time Elemental,1
Tundra Wolves,1
Visions,1
Wall of Dust,1
White Mana Battery,1
Anaba Ancestor,1
Anaba Spirit Crafter,1
An-Zerrin Ruins,1
Apocalypse Chime,1
Autumn Willow,1
Aysen Crusader,1
Baron Sengir,1
Cemetery Gate,1
Clockwork Gnomes,1
Clockwork Swarm,1
Didgeridoo,1
Ebony Rhino,1
Eron the Relentless,1
Faerie Noble,1
Giant Oyster,1
Grandmother Sengir,1
Hungry Mist,1
Ironclaw Curse,1
Joven's Ferrets,1
Joven's Tools,1
Labyrinth Minotaur,1
Leaping Lizard,1
Leeches,1
Marjhan,1
Merchant Scroll,1
Mesa Falcon,1
Mystic Decree,1
Narwhal,1
Primal Order,1
Reef Pirates,1
Retribution,1
"Reveka, Wizard Savant",1
Roots,1
Roterothopter,1
Sea Sprite,1
Sengir Autocrat,1
Serra Aviary,1
Serra Bestiary,1
Serra Paladin,1
Shrink,1
Torture,1
Truce,1
Wall of Kelp,1
Willow Priestess,1
Wizards' School,1
Arcane Denial,1
Ashnod's Cylix,1
Astrolabe,1
Balduvian Dead,1
Balduvian Trading Post,1
Benthic Explorers,1
Bestial Fury,1
Bounty of the Hunt,1
Burnout,1
Casting of Bones,1
Contagion,1
Death Spark,1
Dystopia,1
Elvish Bard,1
Elvish Spirit Guide,1
Energy Arc,1
Errand of Duty,1
Feast or Famine,1
Fevered Strength,1
Floodwater Dam,1
Force of Will,1
Gargantuan Gorilla,1
Gorilla Shaman,1
Gorilla War Cry,1
Guerrilla Tactics,1
Gustha's Scepter,1
Hail Storm,1
Heart of Yavimaya,1
Helm of Obedience,1
Inheritance,1
Insidious Bookworms,1
Ivory Gargoyle,1
Juniper Order Advocate,1
Kaysa,1
Kjeldoran Home Guard,1
Kjeldoran Outpost,1
Kjeldoran Pride,1
Krovikan Horror,1
Lake of the Dead,1
Lat-Nam's Legacy,1
Lim-Dûl's High Guard,1
Lim-Dûl's Vault,1
Lodestone Bauble,1
Lord of Tresserhorn,1
Mishra's Groundbreaker,1
Misinformation,1
Mystic Compass,1
Nature's Blessing,1
Nature's Wrath,1
Phantasmal Fiend,1
Phelddagrif,1
Phyrexian Boon,1
Phyrexian Devourer,1
Phyrexian Portal,1
Phyrexian War Beast,1
Pillage,1
Primitive Justice,1
Reinforcements,1
Reprisal,1
Ritual of the Machine,1
Rogue Skycaptain,1
Royal Decree,1
Scars of the Veteran,1
Shield Sphere,1
Soldevi Digger,1
Soldevi Excavations,1
Soldevi Sage,1
Sol Grail,1
Spiny Starfish,1
Storm Cauldron,1
Storm Elemental,1
Storm Shaman,1
Surge of Strength,1
Sustaining Spirit,1
Swamp Mosquito,1
Thawing Glaciers,1
Thought Lash,1
Tornado,1
Varchild's Crusader,1
Varchild's War-Riders,1
Viscerid Armor,1
Viscerid Drone,1
Wandering Mage,1
Whirling Catapult,1
Wild Aesthir,1
Winter's Night,1
Yavimaya Ancients,1
Yavimaya Ants,1
Armor of Thorns,1
Bad River,1
Bone Harvest,1
Cadaverous Bloom,1
Cadaverous Knight,1
Choking Sands,1
Coral Fighters,1
Crash of Rhinos,1
Dissipate,1
Dwarven Miner,1
Ebony Charm,1
Floodgate,1
Flood Plain,1
Foratog,1
Forsaken Wastes,1
Frenetic Efreet,1
Giant Mantis,1
Grasslands,1
Hall of Gemstone,1
Jolrael's Centaur,1
Jungle Wurm,1
Kaervek's Torch,1
Lightning Reflexes,1
Lion's Eye Diamond,1
Mana Prism,1
Marble Diamond,1
Maro,1
Meddle,1
Mind Bend,1
Moss Diamond,1
Mountain Valley,1
Mystical Tutor,1
Natural Balance,1
Nocturnal Raid,1
Painful Memories,1
Patagia Golem,1
Pearl Dragon,1
Phyrexian Dreadnought,1
Phyrexian Vault,1
Political Trickery,1
Polymorph,1
Quirion Elves,1
Reckless Embermage,1
Regeneration,1
Rocky Tar Pit,1
Sabertooth Cobra,1
Sapphire Charm,1
Savage Twister,1
Shadow Guildmage,1
Sidar Jabari,1
Skulking Ghost,1
Sky Diamond,1
Spirit of the Night,1
Stupor,1
Sunweb,1
Talruum Minotaur,1
Teremko Griffin,1
Tidal Wave,1
Uktabi Wildcats,1
Unseen Walker,1
Unyaro Griffin,1
Urborg Panther,1
Viashino Warrior,1
Volcanic Geyser,1
Waiting in the Weeds,1
Wall of Roots,1
Worldly Tutor,1
Zhalfirin Commander,1
Phantom Monster,1
Army Ants,1
City of Solitude,1
Cloud Elemental,1
Coral Atoll,1
Crypt Rats,1
Dormant Volcano,1
Elephant Grass,1
Emerald Charm,1
Everglades,1
Fallen Askari,1
Fireblast,1
Funeral Charm,1
Helm of Awakening,1
Honorable Passage,1
Impulse,1
Jungle Basin,1
Karoo,1
Knight of the Mists,1
Longbow Archer,1
Miraculous Recovery,1
Necromancy,1
Phyrexian Walker,1
Quicksand,1
Quirion Ranger,1
Rainbow Efreet,1
Remedy,1
Resistance Fighter,1
Rowen,1
Simoon,1
Sisay's Ring,1
Snake Basket,1
Spitting Drake,1
Squandered Resources,1
Stampeding Wildebeests,1
Suq'Ata Lancer,1
Tar Pit Warrior,1
Teferi's Puzzle Box,1
Tithe,1
Triangle of War,1
Uktabi Orangutan,1
Undiscovered Paradise,1
Vampiric Tutor,1
Wake of Vultures,1
Wand of Denial,1
Warthog,1
Waterspout Djinn,1
Zhalfirin Crusader,1
Aswan Jaguar,1
Assassin's Blade,1
Baleful Stare,1
Boiling Seas,1
Cloud Dragon,1
Cruel Bargain,1
Cruel Tutor,1
Ebon Dragon,1
Elite Cat Warrior,1
Endless Cockroaches,1
Fire Dragon,1
Fire Imp,1
Forked Lightning,1
Gift of Estates,1
Goblin Bully,1
Harsh Justice,1
Jungle Lion,1
Lava Flow,1
Lizard Warrior,1
Nature's Ruin,1
Noxious Toad,1
Personal Tutor,1
Pillaging Horde,1
Plant Elemental,1
Primeval Force,1
Pyroclasm,1
Raging Minotaur,1
Regal Unicorn,1
Soul Shred,1
Spiritual Guardian,1
Spotted Griffin,1
Starlight,1
Sylvan Tutor,1
Symbol of Unsummoning,1
Thing from the Deep,1
Vampiric Feast,1
Virtue's Ruin,1
Wall of Granite,1
Wall of Swords,1
Willow Dryad,1
Winter's Grasp,1
Withering Gaze,1
Abeyance,1
Abyssal Gatekeeper,1
Angelic Renewal,1
Argivian Find,1
Argivian Restoration,1
Aura of Silence,1
Benalish Infantry,1
Bloodrock Cyclops,1
Bogardan Firefiend,1
Boiling Blood,1
Buried Alive,1
Cinder Wall,1
Cloud Djinn,1
Cone of Flame,1
Disrupt,1
Dwarven Thaumaturgist,1
Empyrial Armor,1
Festering Evil,1
Firestorm,1
Fire Whip,1
Fledgling Djinn,1
Gaea's Blessing,1
Gemstone Mine,1
Guided Strike,1
Harvest Wurm,1
Lava Hounds,1
Llanowar Behemoth,1
Llanowar Sentinel,1
Mind Stone,1
Mischievous Poltergeist,1
Mistmoon Griffin,1
Nature's Resurgence,1
Necratog,1
Noble Benefactor,1
Null Rod,1
Ophidian,1
Orcish Settlers,1
Phantom Wings,1
Phyrexian Furnace,1
Razortooth Rats,1
Rogue Elephant,1
Sage Owl,1
Serenity,1
Serra's Blessing,1
Serrated Biskelion,1
Southern Paladin,1
Steel Golem,1
Strands of Night,1
Striped Bears,1
Tariff,1
Teferi's Veil,1
Thran Forge,1
Thunderbolt,1
Tranquil Grove,1
Veteran Explorer,1
Vitalize,1
Vodalian Illusionist,1
Volunteer Reserves,1
Aftershock,1
Altar of Dementia,1
Aluren,1
Ancient Tomb,1
Angelic Protector,1
Anoint,1
Armor Sliver,1
Auratog,1
Avenging Angel,1
Barbed Sliver,1
Bellowing Fiend,1
Benthic Behemoth,1
Booby Trap,1
Bottle Gnomes,1
Caldera Lake,1
Canyon Wildcat,1
Capsize,1
Choke,1
Clot Sliver,1
Cloudchaser Eagle,1
Coffin Queen,1
Coiled Tinviper,1
Cold Storage,1
Commander Greven il-Vec,1
Corpse Dance,1
Crown of Flames,1
Cursed Scroll,1
Dauthi Horror,1
Dauthi Marauder,1
Dauthi Mercenary,1
Dauthi Mindripper,1
Dauthi Slayer,1
Deadshot,1
Death Pits of Rath,1
Dismiss,1
Dracoplasm,1
Dregs of Sorrow,1
Elite Javelineer,1
Elvish Fury,1
Emerald Medallion,1
Emmessi Tome,1
Ertai's Meddling,1
Evincar's Justice,1
Extinction,1
Field of Souls,1
Fighting Drake,1
Fireslinger,1
Flowstone Sculpture,1
Flowstone Wyvern,1
Fool's Tome,1
Furnace of Rath,1
Gallantry,1
Gerrard's Battle Cry,1
Giant Crab,1
Goblin Bombardment,1
Grindstone,1
Harrow,1
Heart Sliver,1
Heartwood Dryad,1
Heartwood Giant,1
Horned Sliver,1
Humility,1
Imps' Taunt,1
Intuition,1
Jackal Pup,1
Jet Medallion,1
Jinxed Idol,1
Kezzerdrix,1
Kindle,1
Knight of Dawn,1
Knight of Dusk,1
Krakilin,1
Legacy's Allure,1
Legerdemain,1
Lobotomy,1
Lotus Petal,1
Lowland Giant,1
Magmasaur,1
Manakin,1
Marble Titan,1
Mawcor,1
Maze of Shadows,1
Meditate,1
Metallic Sliver,1
Mirri's Guile,1
Mnemonic Sliver,1
Mogg Conscripts,1
Mongrel Pack,1
Mounted Archers,1
Muscle Sliver,1
Nature's Revolt,1
"Orim, Samite Healer",1
Patchwork Gnomes,1
Pearl Medallion,1
Perish,1
Phyrexian Hulk,1
Phyrexian Splicer,1
Pine Barrens,1
Propaganda,1
Puppet Strings,1
Rathi Dragon,1
Rats of Rath,1
Reality Anchor,1
Reckless Spite,1
Recycle,1
Reflecting Pool,1
Renegade Warlord,1
Repentance,1
Respite,1
Rootbreaker Wurm,1
Root Maze,1
Rootwalla,1
Rootwater Depths,1
Rootwater Hunter,1
Rootwater Matriarch,1
Ruby Medallion,1
Salt Flats,1
Sandstone Warrior,1
Sapphire Medallion,1
Acidic Sliver,1
Awakening,1
Bandage,1
Burgeoning,1
Calming Licid,1
Cannibalize,1
Carnassid,1
Constant Mists,1
Conviction,1
Crovax the Cursed,1
Crystalline Sliver,1
Death Stroke,1
Dream Halls,1
Dream Prowler,1
Duct Crawler,1
Dungeon Shade,1
Elven Rite,1
Endangered Armodon,1
Ensnaring Bridge,1
Evacuation,1
Fanning the Flames,1
Flame Wave,1
Fling,1
Flowstone Blade,1
Flowstone Hellion,1
Flowstone Mauler,1
Flowstone Shambler,1
Foul Imp,1
Grave Pact,1
Hammerhead Shark,1
Heartstone,1
Hermit Druid,1
Hibernation Sliver,1
Honor Guard,1
Hornet Cannon,1
Horn of Greed,1
Intruder Alarm,1
Invasion Plans,1
Lab Rats,1
Lowland Basilisk,1
Megrim,1
Mogg Infestation,1
Mogg Maniac,1
Mox Diamond,1
Mulch,1
Nomads en-Kor,1
Overgrowth,1
Primal Rage,1
Provoke,1
Pursuit of Knowledge,1
Reins of Power,1
Rolling Stones,1
Ruination,1
Sacred Ground,1
Seething Anger,1
Shaman en-Kor,1
Shifting Wall,1
Sift,1
Silver Wyvern,1
Skyshroud Falcon,1
Sliver Queen,1
Smite,1
Soltari Champion,1
Spike Breeder,1
Spined Sliver,1
Spirit en-Kor,1
Spitting Hydra,1
Stronghold Assassin,1
Sword of the Chosen,1
Tidal Warrior,1
Tortured Existence,1
Verdant Touch,1
Victual Sliver,1
Volrath's Laboratory,1
Volrath's Shapeshifter,1
Volrath's Stronghold,1
Wall of Blossoms,1
Wall of Essence,1
Wall of Souls,1
Warrior en-Kor,1
Anarchist,1
Carnophage,1
Cartographer,1
Cataclysm,1
City of Traitors,1
Coat of Arms,1
Crashing Boars,1
Curiosity,1
Cursed Flesh,1
Dauthi Jackal,1
Dauthi Warlord,1
Death's Duet,1
Elvish Berserker,1
Ephemeron,1
Equilibrium,1
Erratic Portal,1
Exalted Dragon,1
Flowstone Flood,1
Forbid,1
Fugue,1
Furnace Brood,1
Hatred,1
High Ground,1
Killer Whale,1
Kor Chant,1
Mage il-Vec,1
Manabond,1
Mana Breach,1
Merfolk Looter,1
Mindless Automaton,1
Mogg Assassin,1
Nausea,1
Necrologia,1
Oath of Druids,1
Ogre Shaman,1
Paladin en-Vec,1
Pandemonium,1
Peace of Mind,1
Price of Progress,1
Reclaim,1
Recurring Nightmare,1
Robe of Mirrors,1
Sabertooth Wyvern,1
Scrivener,1
Seismic Assault,1
Shackles,1
Shattering Pulse,1
Skyshaper,1
Soltari Visionary,1
Sonic Burst,1
Spellbook,1
Spellshock,1
Sphere of Resistance,1
Spike Hatcher,1
Standing Troops,1
Survival of the Fittest,1
Thalakos Drifters,1
Thalakos Scout,1
Thopter Squadron,1
Thrull Surgeon,1
Treasure Hunter,1
Treasure Trove,1
Vampire Hounds,1
Volrath's Dungeon,1
Wayward Soul,1
Workhorse,1
Alaborn Cavalier,1
Alaborn Musketeer,1
Alaborn Trooper,1
Angelic Wall,1
Angel of Fury,1
Armored Griffin,1
Bear Cub,1
Brimstone Dragon,1
Cruel Edict,1
Deathcoil Wurm,1
False Summoning,1
Foul Spirit,1
Goblin Firestarter,1
Goblin Piker,1
Goblin War Strike,1
Ironhoof Ox,1
Just Fate,1
Magma Giant,1
Norwood Priestess,1
Ogre Arsonist,1
Predatory Nightstalker,1
Prowling Nightstalker,1
Rain of Daggers,1
River Bear,1
Salvage,1
Screeching Drake,1
Sea Drake,1
Steam Catapult,1
Swarm of Rats,1
Talas Researcher,1
Temple Acolyte,1
Temporal Manipulation,1
Tree Monkey,1
Trokin High Guard,1
Vampiric Spirit,1
Wildfire,1
Ashnod's Coupon,1
Blacker Lotus,1
Bronze Calendar,1
Chicken à la King,1
Common Courtesy,1
Elvish Impersonators,1
Free-Range Chicken,1
Goblin Tutor,1
Growth Spurt,1
Incoming!,1
Infernal Spawn of Evil,1
Jack-in-the-Mox,1
Jumbo Imp,1
Knight of the Hokey Pokey,1
"Look at Me, I'm the DCI",1
Mirror Mirror,1
Paper Tiger,1
Poultrygeist,1
Rock Lobster,1
Scissors Lizard,1
Squirrel Farm,1
"Strategy, Schmategy",1
"Timmy, Power Gamer",1
Absolute Law,1
Abundance,1
Academy Researchers,1
Acidic Soil,1
Albino Troll,1
Angelic Chorus,1
Annul,1
Arcane Laboratory,1
Argothian Enchantress,1
Attunement,1
Back to Basics,1
Bedlam,1
Befoul,1
Bereavement,1
Blanchwood Armor,1
Blasted Landscape,1
Brand,1
Brilliant Halo,1
Carpet of Flowers,1
Carrion Beetles,1
Catalog,1
Cathodion,1
Chimeric Staff,1
Citanul Flute,1
Citanul Hierophants,1
Claws of Gix,1
Cloak of Mists,1
Confiscate,1
Congregate,1
Contamination,1
Coral Merfolk,1
Corrupt,1
Cradle Guard,1
Crater Hellion,1
Crystal Chimes,1
Darkest Hour,1
Dark Hatchling,1
Diabolic Servitude,1
Disciple of Grace,1
Disorder,1
Dragon Blood,1
Eastern Paladin,1
Elite Archers,1
Endless Wurm,1
Endoskeleton,1
Energy Field,1
Exploration,1
Expunge,1
Falter,1
Flesh Reaver,1
Fluctuator,1
Fog Bank,1
Gaea's Embrace,1
Gamble,1
Goblin Cadets,1
Goblin Lackey,1
Goblin Patrol,1
Goblin Spelunkers,1
Grafted Skullcap,1
Greater Good,1
Hermetic Study,1
Hibernation,1
Horseshoe Crab,1
Humble,1
Ill-Gotten Gains,1
Imaginary Pet,1
Intrepid Hero,1
Lay Waste,1
Lilting Refrain,1
Looming Shade,1
Lotus Blossom,1
Lull,1
Lurking Evil,1
Mishra's Helix,1
Monk Idealist,1
Monk Realist,1
Morphling,1
No Rest for the Wicked,1
Okk,1
Oppression,1
Order of Yawgmoth,1
Pariah,1
Peregrine Drake,1
Persecute,1
Phyrexian Colossus,1
Phyrexian Processor,1
Phyrexian Tower,1
Priest of Gix,1
Priest of Titania,1
Redeem,1
Reflexes,1
Reprocess,1
Rescind,1
Retaliation,1
Sanguine Guard,1
Scald,1
Scoria Wurm,1
Serra's Embrace,1
Shivan Gorge,1
Shivan Hellkite,1
Shiv's Embrace,1
Show and Tell,1
Skirge Familiar,1
Sleeper Agent,1
Smokestack,1
Sneak Attack,1
Spreading Algae,1
Sunder,1
Tainted Aether,1
Samite Healer,1
Unholy Strength,1
White Knight,1
Woolly Spider,1
Angelic Curator,1
Archivist,1
Avalanche Riders,1
Brink of Madness,1
Cloud of Faeries,1
Crawlspace,1
Defense Grid,1
Defense of the Heart,1
Delusions of Mediocrity,1
Deranged Hermit,1
Engineered Plague,1
Erase,1
Faerie Conclave,1
Fleeting Image,1
Forbidding Watchtower,1
Gang of Elk,1
Ghitu Encampment,1
Ghitu Fire-Eater,1
Ghitu Slinger,1
Ghitu War Cry,1
Giant Cockroach,1
Goblin Medics,1
Goblin Welder,1
Granite Grip,1
Grim Monolith,1
Impending Disaster,1
Karmic Guide,1
Knighthood,1
Levitation,1
Martyr's Cause,1
Memory Jar,1
Might of Oaks,1
Miscalculation,1
Mother of Runes,1
No Mercy,1
Ostracize,1
Palinchron,1
Phyrexian Broodlings,1
Phyrexian Debaser,1
Phyrexian Defiler,1
Phyrexian Denouncer,1
Phyrexian Plaguelord,1
Phyrexian Reclamation,1
Plague Beetle,1
Planar Collapse,1
Purify,1
Pygmy Pyrosaur,1
Quicksilver Amulet,1
Rack and Ruin,1
"Radiant, Archangel",1
Radiant's Judgment,1
Rancor,1
Raven Familiar,1
Rebuild,1
Ring of Gix,1
Simian Grunts,1
Snap,1
Spawning Pool,1
Sustainer of the Realm,1
Swat,1
Thornwind Faeries,1
Thran War Machine,1
Ticking Gnomes,1
Tinker,1
Tragic Poet,1
Treetop Village,1
Unearth,1
Urza's Blueprints,1
Viashino Heretic,1
Viashino Sandscout,1
Vigilant Drake,1
Weatherseed Treefolk,1
Wing Snare,1
Yavimaya Scion,1
Yavimaya Wurm,1
Academy Rector,1
Ancient Silverback,1
Apprentice Necromancer,1
Attrition,1
Aura Thief,1
Blizzard Elemental,1
Bloodshot Cyclops,1
Body Snatcher,1
Caltrops,1
Capashen Knight,1
Compost,1
Covetous Dragon,1
Elvish Piper,1
Emperor Crocodile,1
Eradicate,1
Extruder,1
Fodder Cannon,1
Gamekeeper,1
Goblin Gardener,1
Hunting Moa,1
Impatience,1
Iridescent Drake,1
Junk Diver,1
Keldon Champion,1
Keldon Vandals,1
Mantis Engine,1
Master Healer,1
Masticore,1
Metalworker,1
Metathran Elite,1
Opalescence,1
Opposition,1
Pattern of Rebirth,1
Phyrexian Monitor,1
Phyrexian Negator,1
Plated Spider,1
Plow Under,1
Powder Keg,1
Quash,1
Rapid Decay,1
Reckless Abandon,1
Repercussion,1
Replenish,1
Rescue,1
"Rofellos, Llanowar Emissary",1
Sanctimony,1
Scour,1
Serra Advocate,1
Sigil of Sleep,1
Skittering Horror,1
Solidarity,1
Sowing Salt,1
Splinter,1
Storage Matrix,1
Taunting Elf,1
Telepathic Spies,1
Temporal Adept,1
Thieving Magpie,1
Thran Dynamo,1
Thran Foundry,1
Thran Golem,1
Trumpet Blast,1
Twisted Experiment,1
Urza's Incubator,1
Wake of Destruction,1
Yavimaya Elder,1
Yavimaya Enchantress,1
Yavimaya Hollow,1
Yawgmoth's Bargain,1
Angel of Light,1
Champion Lancer,1
Cinder Storm,1
Dakmor Lancer,1
Eager Cadet,1
Goblin Chariot,1
Goblin Commando,1
Goblin Settler,1
Grim Tutor,1
Loyal Sentry,1
Pride of Lions,1
Royal Falcon,1
Royal Trooper,1
Sea Eagle,1
Silverback Ape,1
Stream of Acid,1
Thunder Dragon,1
Tidings,1
Time Warp,1
Trained Orgg,1
Veteran Cavalier,1
Vizzerdrix,1
Water Elemental,1
Whirlwind,1
Willow Elf,1
Ambition's Cost,1
"Borrowing 100,000 Arrows",1
Brilliant Plan,1
Burning of Xinye,1
"Cao Cao, Lord of Wei",1
"Cao Ren, Wei Commander",1
Capture of Jingzhou,1
Corrupt Court Official,1
Corrupt Eunuchs,1
Desperate Charge,1
"Diaochan, Artful Beauty",1
"Dong Zhou, the Tyrant",1
Eightfold Maze,1
False Defeat,1
Famine,1
Fire Ambush,1
Forced Retreat,1
Ghostly Visit,1
"Guan Yu's 1,000-Li March",1
"Guan Yu, Sainted Warrior",1
Heavy Fog,1
"Huang Zhong, Shu General",1
"Hua Tuo, Honored Physician",1
Hunting Cheetah,1
Imperial Recruiter,1
Imperial Seal,1
"Kongming, ""Sleeping Dragon""",1
Lady Sun,1
"Lady Zhurong, Warrior Queen",1
"Liu Bei, Lord of Shu",1
Loyal Retainers,1
"Lu Meng, Wu General",1
"Lu Su, Wu Advisor",1
"Lu Xun, Scholar General",1
"Ma Chao, Western Warrior",1
"Meng Huo, Barbarian King",1
Meng Huo's Horde,1
Misfortune's Gain,1
Overwhelming Forces,1
"Pang Tong, ""Young Phoenix""",1
Peach Garden Oath,1
Ravages of War,1
Red Cliffs Armada,1
Riding the Dilu Horse,1
Rockslide Ambush,1
Rolling Earthquake,1
Shu Cavalry,1
Shu Elite Companions,1
Shu General,1
Shu Soldier-Farmers,1
"Sima Yi, Wei Field Marshal",1
Slashing Tiger,1
Spoils of Victory,1
Stolen Grain,1
Strategic Planning,1
"Sun Ce, Young Conquerer",1
"Sun Quan, Lord of Wu",1
Three Visits,1
Trip Wire,1
Warrior's Oath,1
Wei Elite Companions,1
Wei Infantry,1
Wei Night Raiders,1
Wei Strike Force,1
Wolf Pack,1
Wu Elite Cavalry,1
Wu Longbowman,1
Wu Warship,1
"Xiahou Dun, the One-Eyed",1
"Xun Yu, Wei Advisor",1
Young Wei Recruits,1
"Zhang Fei, Fierce Warrior",1
Zodiac Dog,1
Zodiac Dragon,1
Zodiac Goat,1
Zodiac Horse,1
Zodiac Monkey,1
Zodiac Ox,1
Zodiac Pig,1
Zodiac Rabbit,1
Zodiac Rat,1
Zodiac Rooster,1
Zodiac Snake,1
Zodiac Tiger,1
"Zuo Ci, the Mocking Sage",1
Crucible of Worlds,1
Ancestral Mask,1
Armistice,1
Arms Dealer,1
Arrest,1
Ballista Squad,1
Battle Rampart,1
Battle Squadron,1
Black Market,1
Blood Oath,1
Bog Witch,1
Bribery,1
Ceremonial Guard,1
"Cho-Manno, Revolutionary",1
Cinder Elemental,1
Cloud Sprite,1
Coastal Piracy,1
Collective Unconscious,1
Conspiracy,1
Cowardice,1
Crenellated Wall,1
Crooked Scales,1
Crossbow Infantry,1
Crumbling Sanctuary,1
Darting Merfolk,1
Deathgazer,1
Deepwood Ghoul,1
Dehydration,1
Devout Witness,1
Distorting Lens,1
Dust Bowl,1
Food Chain,1
Foster,1
Fountain Watch,1
Ghoul's Feast,1
Groundskeeper,1
Gush,1
Hammer Mage,1
Heart of Ramos,1
Henge Guardian,1
High Market,1
Highway Robber,1
Hoodwink,1
Horned Troll,1
Howling Wolf,1
Hunted Wumpus,1
Invigorate,1
Ivory Mask,1
Larceny,1
Last Breath,1
Lithophage,1
Magistrate's Scepter,1
Midnight Ritual,1
Misdirection,1
Monkey Cage,1
Natural Affinity,1
Nether Spirit,1
Noble Purpose,1
Primeval Shambler,1
Puppet's Verdict,1
Revive,1
Rishadan Airship,1
Rishadan Brigand,1
Rishadan Footpad,1
Rishadan Port,1
Rock Badger,1
Rushwood Dryad,1
Saber Ants,1
Saprazzan Skerry,1
Sever Soul,1
Shock Troops,1
Silverglade Elemental,1
Sizzle,1
Snuff Out,1
Soothsaying,1
Spidersilk Armor,1
Squallmonger,1
"Squee, Goblin Nabob",1
Steadfast Guard,1
Story Circle,1
Task Force,1
Thieves' Auction,1
Thwart,1
Tidal Kraken,1
Toymaker,1
Trade Routes,1
Undertaker,1
Unmask,1
Vendetta,1
Venomous Breath,1
Vernal Equinox,1
Vine Trellis,1
War Cadence,1
Waterfront Bouncer,1
Wave of Reckoning,1
Word of Blasting,1
Prodigal Sorcerer,1
Scaled Wurm,1
Seeker of Skybreak,1
Sengir Vampire,1
Soltari Foot Soldier,1
Syphon Soul,1
Thalakos Lowlands,1
Trumpeting Armodon,1
Unnerve,1
Vec Townships,1
Windfall,1
Elvish Champion,1
Mad Auntie,1
Royal Assassin,1
Sakura-Tribe Elder,1
Slith Firewalker,1
Soltari Priest,1
Thran Quarry,1
